Abhimanyu,M
Abhishek,M
Arnav,M
Aarav,M
Alisha,F
Ananya,F
Avni,F
Aarti,F
Bijendra,M
Bhanu,M
Bhaskar,M
Bharti,F
Bhumika,F
Bhawana,F
Carlos,M
Damodar,M
Dev,M
Darshan,M
Damini,F
Devansh,M
Dakshita,F
Divya,F
Eka,F
Ekta,F
Eklavya,M
Farooq,M
Faiz,M
Fahran,M
Gayathri,F
Garima,F
Ganga,F
Harsh,M
Harshdeep,M
Hamid,M
Harmanpreet,F
Ishaan,M
Ishitaa,F
Illyana,F
Imran,M
Ishaani,F
Ishaana,F
Jaswinder,M
Jagdish,M
Jagjeet,M
Jagendra,M
Gajendra,M
Kavya,F
Kavita,F
Kripani,M
Kashish,F
Kanishka,F
Karthik,M
Lalita,F
Lavanya,F
Manoj,M
Manpreet,M
Megha,F
Meghna,F
Muskan,F
Mohit,M
Mala,F
Malti,F
Naman,M
Neena,F
Nargis,F
Navya,F
Nanda,F
Om,M
Naveen,M
Narayan,M
Nandan,M
Praveen,M
Parvati,F
Prakash,M
Prahlad,M
Pragyan,M
Pragya,F
Prashant,M
Raveena,F
Riya,F
Ramona,F
Ravi,M
Rohan,M
Roshan,M
Roshni,F
Rohit,M
Ram,M
Raghav,M
Rita,F
Ritu,F
Raghuveer,M
Sohan,M
Soham,M
Sarita,F
Sakshi,F
Sonakshi,F
Samay,M
Sonal,F
Suhani,F
Savita,F
Shivani,F
Shiv,M
Suhas,M
Sugam,M
Soumya,M
Suruchi,F
Saral,M
Sarla,F
Sameer,M
Sahas,M
Saroj,M
Salay,M
Tarun,M
Tanuja,M
Tanisha,F
Tanvi,F
Tanushree,F
Tanya,F
Urvashi,F
Varun,M
Vanshika,F
